U8 pankstr nach hermann ganz hinten,2024-02-09 10:33:12
,2024-02-09 10:32:50
Drei in U9 Friedrich Wilhelm Platz richtung Osloer Strasse,2024-02-09 10:32:38
"Friedrichsfelde ost gerade, s bahn",2024-02-09 10:27:37
Tram 21 Bernhard B√§stlein Stra√üe 3 idiots,2024-02-09 10:17:47
H√∂he Seestra√üe,2024-02-09 10:17:12
U6 Richtung Kurt schumacher Platz 3 mal mit blauen westen,2024-02-09 10:17:05
*1x m√§nnlich 1x weiblich,2024-02-09 10:16:15
2 m√§nnliche kontrolleure in dunkelblauen westen. u6 seestrasse richtung kurt-schumacher-pl,2024-02-09 10:14:58
Going to Krume lanke,2024-02-09 09:33:37
Ich br√§uchte Tagesticket f√ºr heute. Abgestempelt vor 10.00 Uhr.,2024-02-09 09:26:16
Blaue Weste,2024-02-09 09:33:52
Jetz,2024-02-09 09:32:43
Any updates on them?,2024-02-09 09:22:20
Jetzt am Leo. U6 3x Blauwesten Ri. S√ºden,2024-02-09 09:28:59
,2024-02-09 09:32:59
"U7 Fehrberliner Platz Richtung Rudow sind jede Menge (5) BVG'ler eingestiegen. Orangene Westen. Kontrolliere nicht, oder noch nicht. Nur dass Ihr es wisst. Ich pers√∂nlich w√ºrde ohne Ticket ein Bogen um die machen...",2024-02-09 09:55:55
"2 Ladies U8 to Hermannstra√üe, drop off at shonleinstrabe",2024-02-09 09:07:52
U8 Gesundbrunnen. Mind. 2 Personen,2024-02-09 09:49:26
,2024-02-09 09:33:15
Or anyone paying for 9-euro-fonds? üò¢ mine just expired,2024-02-09 09:28:38
"u6 seestr. 
3 men in blue vests",2024-02-09 09:22:34
U8 gesundi- pankstrasse  4 m√§nl. Nur 2 Mit Weste. Weitere mit yankiescap und strickm√ºtze,2024-02-09 09:55:08
4 blue belt,2024-02-09 09:33:06
"Jetzt u6 wedding Richtung Friedrich Stra√üe, gut erkennbar an blauen westen",2024-02-09 08:19:49
Cops&bvg am ubahn Gleis janowitzbr√ºcke,2024-02-09 08:55:08
"U8 Richtung hermannstra√üe, grade Osloer los
Zwei blaue Westen",2024-02-09 08:37:17
U8 Pankstra√üe 2 m√§nnlich gelesene mit einmal mit blauer Weste und rot schwarz karierter Jacke. Andere Person mit schwarzer Jacke und schwarzer Basecap,2024-02-09 08:06:55
Left at Sch√∂nleinstra√üe,2024-02-09 08:14:29
S42 Landsberger alle Richtung Gesundbrunnen,2024-02-09 08:23:55
2x richtung Bernau grad Blankenburg,2024-02-09 08:16:56
U 6 Leopoldplatz Richtung alt Mariendorf  blaue westen,2024-02-09 08:13:55
Gesundbrunnen jetzt 4 Personen auf dem Gleis,2024-02-09 08:10:47
Blauweste U8 Sch√∂ni aufgestiegen,2024-02-09 08:37:55
"S2 Blankenburg Richtung Karow, m√§nnlich gelesen, schwarze Jacke, Bart",2024-02-09 08:38:28
U1 G√∂rlitzer Bahnhof am Gleis Richtung Warschauer,2024-02-09 08:01:45
U8 Hermannplatz Richtung Wittenau,2024-02-09 08:11:22
Kontrollettis U8 Hermannplatz,2024-02-09 08:12:42
2 m√§nnlich gelesen,2024-02-09 08:24:00
"08:35 uhr


Originalbild gel√∂scht.
Bitte alle Gesichter aus den Bildern √ºbermalen oder rausschneiden.

Es ist nicht ok einen ganzen Wagen oder Plattform zu fotografieren und hier reinzustellen.",2024-02-09 07:56:41
2 women,2024-02-09 07:45:36
They just go in to Hermannplatz,2024-02-09 07:45:21
Direction witnau,2024-02-09 07:44:59
U8 Kotti to hermannplatz direction,2024-02-09 07:44:49
Controller at gesuntbrunen u8 waiting for the ubhan,2024-02-09 07:44:46
"U6 Richtung Alt-Mariendorf, H√∂he leopoldplatz, 2 Personen mit blauer Weste.",2024-02-09 07:39:53
Bahngleis rightung Wittenau,2024-02-09 07:37:15
U8 gesundbrunnen 2 blue vests,2024-02-09 07:36:31
steigen Kotti aus,2024-02-09 07:35:06
U8 sch√∂nleinstrasse ‚Äî> wittenau 2 Frauen blue vests,2024-02-09 07:33:59
"u8 sch√∂nleinstra√üe richtung wittenau, zwei blaue westen jetzt",2024-02-09 07:33:51
Jetzt Rehberge,2024-02-09 07:32:16
"U5 Brandenburger Tor 4 Personen, BVG Jacke",2024-02-09 07:27:23
blaue westen in u6 kurt schumacher platz gleich,2024-02-09 07:07:35
s3 westkreuz to the east,2024-02-09 06:59:15
S 47 baumschulenweg Richtung spindlersfeld,2024-02-09 06:33:26
S 47 Richtung Frohnau S√ºdkreuz,2024-02-09 06:32:16
"U8 pankstra√üe, steigen gerade in beide Richtungen ein",2024-02-09 06:14:56
s42 gesundbrunnen richtung greifswalder,2024-02-08 23:17:59
U8 kotti Richtung hermannstra√üe,2024-02-08 22:15:43
"Zwei BVG, blaue Jacken am Mehringdamm, U-Bahnhof.",2024-02-08 22:09:47
2 blau vesten gleich osloer rochtung rat steglitz,2024-02-08 19:51:39
3 m gelesen bellvue gleis,2024-02-08 19:25:56
U6 Just left at Reinickendorfer Stra√üe,2024-02-08 18:54:51
2guys in black sbahn bellevue direction charlottenburg,2024-02-08 18:45:14
2 Hellblauejacken u8 richtung hermannstrasse eben franz neumann platz ausgestiegen,2024-02-08 18:41:51
they went down in gesunbrunnen,2024-02-08 18:40:00
Wo genau,2024-02-08 18:36:39
2 boss in u8 to wittenau,2024-02-08 18:32:33
"Was ist nur los kontrolliert niemand mehr im Osten Berlins.

Seit Monaten nix gesehen üòî",2024-02-08 18:23:35
"3 Personen, m√§nnlich gelesen, stiegen jetzt U Kochstr aus",2024-02-08 18:16:07
U6 mehringdamm richtung k schumacher eingestiegen,2024-02-08 18:13:44
3 Kontrolleure,2024-02-08 17:56:05
"Platz der Luftbr√ºcke Richtung k. Schumacher ganz hinten, blaue vesten",2024-02-08 17:55:59
??,2024-02-08 17:34:30
Ist das zwischen innnsbrucker Platz und Sonne alle,2024-02-08 17:34:28
Savignyplatz,2024-02-08 17:11:34
,2024-02-08 17:11:11
Bullen patroullieren S-Bhf Neuk√∂lln,2024-02-08 17:10:32
"U2 , Eberswalder Str. 3x mit blauen Westen, gerade station√§r",2024-02-08 16:52:17
Blauwesten,2024-02-08 16:08:30
"Good to know, thank you üôè",2024-02-08 16:01:07
U8 Heinrich Heine nach wittenau,2024-02-08 16:48:48
Eyes open I got checked on the bus (never happened before to me),2024-02-08 16:01:32
Platz,2024-02-08 16:00:02
Richtung Hermanstr u8,2024-02-08 16:33:44
n 143,2024-02-08 16:01:48
,2024-02-08 16:53:44
in welche station eingestiegen?,2024-02-08 16:36:57
They are going in?,2024-02-08 16:49:35
Alex,2024-02-08 16:37:13
U6 alt tempelhof rchtg msriensorf 2 st√ºck,2024-02-08 16:07:37
Danke,2024-02-08 16:00:11
Ring Bahn Safe?,2024-02-08 16:40:51
Where ?,2024-02-08 15:59:14
U8 toward written blue vest boss,2024-02-08 15:58:00
If they have your ID number they will find you...,2024-02-08 15:55:38
Hallesches Tor u1 warchauer str Richtung,2024-02-08 15:52:22
"I hope it‚Äôs ok to write here: Today I got a fine from BVG, I had my ticket but it was too recently activated and they told me I should have done it before to go on the bus. Anyway my question is: the man didn‚Äôt put my actual address in the fine but a random one, my full name is there. Do you know if there is a chance I could avoid paying since my address is not there? Usually I worry I lot about this stuff so I might just paying the fine but I wanted to check with you. Please don‚Äôt judge me, I‚Äôm unemployed and 60 euros are really a lot for me. Considering that I had my ticket. 
Thanks üôè",2024-02-08 15:51:52
4 B.O.S Jacken Zoologischer Garten U9 Richtung Steglitz,2024-02-08 15:21:32
"Schwarze Jacken mit ,sicherheitsdienst‚Äò drauf stehen",2024-02-08 14:55:52
2 Personen u3 gleich Gleisi,2024-02-08 14:55:17
"Vier kontrolletis ohne Westen u7 Fehrbelliner Platz auf der Rudow Seite. Gr√∂√ütenteils schwarz angezogen, zwei mit m√ºtze",2024-02-08 14:54:09
2 blau westen am Gleis,2024-02-08 14:53:56
U2 Rosa Luxembourg Platz nach Pankow,2024-02-08 14:53:26
U7 Wilmersdorfer str Richtung Rudow gerade 2 Bos ganz hinten eingestiegen,2024-02-08 14:45:43
U9 zoologischer Garten 2 Leute,2024-02-08 14:44:35
U6 Tempelhof 2 blau Westen am Gleis,2024-02-08 14:39:27
U7 jungfernheide Richtung rudow mit BOS Jacke,2024-02-08 14:34:26
"U Hansaplatz

Schreiben gerade auf dem Bahnsteig auf",2024-02-08 14:29:23
richtigun alt mariendorf eingestiegen,2024-02-08 14:01:02
Undercover controllers at Klinikum im Friedrichshain m5/m6/m8,2024-02-08 13:12:27
3 kontroleure wittenbergplatz. U1 richtung uhlandstr.,2024-02-08 13:24:30
5 mal BOS Hansaplatz auf dem Bahnsteig. Steigen gerade Richtung Rathaus Steglitz ein,2024-02-08 13:30:45
U8 jannowitzbr√ºcke Richtung wittenau 2 blauwesten,2024-02-08 13:46:30
Blauwesten,2024-02-08 13:20:14
U7 mierendorfplatz to rathaus spandau,2024-02-08 13:00:55
3 Blauwesten U gesundbrunnen,2024-02-08 13:44:50
Albertsra√üe M85 route - 2 BOS,2024-02-08 13:10:47
M13 osloerstr 2 m,2024-02-08 13:05:04
3 m√§nnlich gelesen U M√§rkisches Museum blaue & dunkel blaue Westen steigen in die n√§chste Zug Richtung Pankoww,2024-02-08 13:30:15
U 6 unter den Linden auf der Seite Richtung alt Marienendorf 3 blauesten,2024-02-08 13:20:04
U8 Boddin blaue Westen an der Station,2024-02-08 13:23:29
"U6 richtung mariendorf, stadtmitte ausgestiegen",2024-02-08 13:40:41
Hopped on m6 to hackescher markt,2024-02-08 13:14:51
Andere 3 m√§nnlich gelesen sind in Spittelmarkt eingestiegen Richtung Ruhleben,2024-02-08 13:32:50
Thus is Security Ticket Control has Green Vest,2024-02-08 12:14:10
"Kontrolle im Bus 194 nach Friedrichsfelde, gerade am Ostkreuz vorbei

Update: ausgestiegen S Rummelsburg",2024-02-08 12:30:05
"4k  in Bus 187 Richtung s+U Hauptbahnhof
Sind Richard von Weiz√§cker Platz raus",2024-02-08 12:19:41
U8 gesundbrunnen,2024-02-08 12:11:49
"BOS u9 zoologischer Garten eingestiegen, Richtung Osloer",2024-02-08 12:32:39
Zwei kontrolleure s3 nach Spandau sind ostbahnhof eingestiegen,2024-02-08 12:21:32
U8 Weinmeisterstra√üe blaue weste,2024-02-08 12:46:25
U6 naturkundemuseum nach oranienstr. 2 blauwesten,2024-02-08 12:46:08
S5 Ostbahnhof 2 mens with yellow vest,2024-02-08 12:08:17
U8 bernauerstr,2024-02-08 12:03:42
S41 gleich s√ºdkreuz 3 mit gr√ºnen westen hinten im Zug,2024-02-08 12:44:39
2 F blaue weste,2024-02-08 12:34:55
Warschauer nach ostbahnhof 2 Kontrolleure,2024-02-08 12:17:09
U6 schwartzkoppfstrasse,2024-02-08 12:34:44
U8 weinmeister nacv alex,2024-02-08 12:47:54
min 2 w u bahn haltestelle sch√∂nleinstr. blaue weste,2024-02-08 11:47:47
U7 Rathaus Neuk√∂lln black hat blue coat,2024-02-08 11:44:10
Nollendorfplatz U3 3 Bos M√§nner,2024-02-08 11:42:05
U8 aber ist schon vorbei,2024-02-08 11:32:48
Und wo!?,2024-02-08 11:32:13
"2mg im Zug S45 Richtung Flughafen. Im S√ºdkreuz eingestiegen, sind noch im Zug. Jetzt Tempelhof",2024-02-08 11:31:27
partnerin mit wei√ü/ neon orange adidas,2024-02-08 11:31:03
"n√§chste ist baumschulenweg, hinterer wagen",2024-02-08 11:30:26
"S25 Teltow stad 

Jetz -Alt Reinickendorf",2024-02-08 11:30:19
s85 nach buch,2024-02-08 11:30:11
,2024-02-08 11:30:03
3 BOS at Kurf√ºrstenstr on Platform,2024-02-08 11:29:01
"S3 Richtung Spandau 2 m√§nnlich gelesene Kontrolleure, beide schwarze jacken, blaue Jeans der eine tr√§gt ne schwarze the north fasce M√ºtze   jetzt Karlshorst",2024-02-08 11:25:45
"Kotti, waiting on platform towards Warschauer str
Green wests, 3-4 person 

U1/3",2024-02-08 11:21:08
Am U-Bahnhof Reinickendorfer Stra√üe warten 3/4 mit blauen Westen,2024-02-08 10:59:16
,2024-02-08 10:46:17
"aktuell Kottbusser Tor, Bahnsteig u1/U3: 3 m√§nnlich gelesen mit blauen BOS-Westen.

Einer mit wei√üem Camp, ein anderer mit braunem Pulli",2024-02-08 10:46:03
Goebenstr M85,2024-02-08 10:45:33
Kontrolle mit Polizei am Alex,2024-02-08 10:45:05
Kontrolleuer in jannowiztebr√ºcke,2024-02-08 10:37:08
S41 ostkreuz (gegen Uhrzeiger) 2 mit schwarzen pufferjacken. Eine davon sehr lang. Und cappie.,2024-02-08 10:28:11
S9 zoologischer Garten Richtung BER,2024-02-08 10:21:53
"Theodor Heus platz richtung Pankow
navy Outfit",2024-02-08 10:17:31
2 kontrollierende s9 Richtung BER Station Olympiastadion,2024-02-08 10:15:50
Machen pause oderso,2024-02-08 10:12:43
3/4Kontris mit westen am Eingang U Walter schreiber Platz,2024-02-08 10:12:37
Gruppe von ca. 5 Konties auf dem U1 Gleis am Lotto. Richtung Warschauer,2024-02-08 10:11:23
2 Kontrolleure Wannsee auf dem Gleis,2024-02-08 10:05:58
"Sind ausgestiegen, blaue Westen",2024-02-08 09:33:03
u 8 Weinmeisterstr blaue Westen,2024-02-08 09:24:40
U8,2024-02-08 09:31:17
What direction it's going ?,2024-02-08 09:53:50
warten auf den Zug Richtung Hermannstra√üe,2024-02-08 09:25:08
"Sch√∂nelinstrasse, auf dem platform.",2024-02-08 09:43:24
U8 gesundbrunnen several blue jackets arriving in metro,2024-02-08 09:49:59
Amrumerstrasse bahnsteig von U9,2024-02-08 09:48:16
Steigen gleich ein,2024-02-08 09:24:11
U8 Hermannplatz gelbe Westen auf dem Gl,2024-02-08 09:55:03
"2 Konties in zivil ein mal gr√ºne Jacke, ein mal schwarz.
S Tiergarten",2024-02-08 09:49:38
"S1 richtig Oranienburg, gerade bei Frohnau",2024-02-08 09:33:57
U9 Richtung Rathaus Steglitz an der spichernstra√üe,2024-02-08 09:03:11
"2 BOS or more U9 to Rathaus Steglitz, U Bundesplatz on the platform",2024-02-08 09:33:55
u2 m√§rkisches museum 3 leute mit blauer weste richtung theodor heuss platz,2024-02-08 09:20:50
Im Bahnhof Sch√∂neberg ausgestiegen,2024-02-08 08:10:12
U6 Leopolplatz!!,2024-02-08 08:43:09
jtz richtung pankow,2024-02-08 08:24:18
"2m gelesen s42. Einer davon mit schwarzer m√ºtze. Sind Im Zug, noch nicht ausgestiegen. Jetzt am Schoneberg bahnhof",2024-02-08 08:08:22
Blaue Westen U2 richtung  Theodor,2024-02-08 08:23:26
"Drei blaue m gelesen (vielleicht auch vier) gerade am u Eberswalder str, Gleis Richtung Pankow",2024-02-08 08:01:18
4 Alexanderplatz U8,2024-02-08 08:27:36
1 weibl gelesen plus size prenzlauer allee ring,2024-02-08 08:26:41
Turquoise pulli,2024-02-08 08:26:56
Hermannplatz  u8 Richtung  wittenau eingestiegen,2024-02-08 08:18:24
3 in blauen Westen grad im Osloerstr U8,2024-02-08 08:43:54
2 weibl. Blauwesten u Kottbusser Tor steigen gleich U8 Richtung Paracelsusbad ein,2024-02-08 08:25:30
1x BOS blaue Weste u8 sch√∂nleinstr Richtung Paracelsus Bad,2024-02-08 08:39:48
"S1 Richtung york str jetzt Sch√∂neberg.
Zwei M√§nner. Mit schwarzen jacken",2024-02-08 08:18:36
About to board to hermanstrasse,2024-02-08 08:27:52
Jetzt Adlershof,2024-02-08 07:59:38
"2 k 1 Person m√§nnlich mit blauer daunenjacke,  eine weibliche mit schwarzer jacke und Tattoo im Gesicht s Johannisthal",2024-02-08 07:54:08
U8 richtung Hermannstra√üe 2 Frauen in blauen Westen grad Kottbusser Tor ausgestiegen,2024-02-08 07:40:08
Sind Blankenburg raus,2024-02-08 07:38:14
4 Personen mit BOS Weste Adenauerplatz,2024-02-08 07:36:59
2 kontrolettis s2 richtung  . Grade in pankow heinersdorf ganz hinten,2024-02-08 07:33:46
S7 nach Ahrensfelde Hackescher Markt,2024-02-08 07:32:43
Heinrich Heine Str. Blaue besten,2024-02-08 07:28:56
U8 rosenthaler platz 3 people in blue jackets,2024-02-08 07:26:58
U2 Alexanderplatz gerade ausgestiegen,2024-02-08 07:26:23
"S85 direction Buch, at Bornholmer str.",2024-02-08 07:13:36
S1 botanischer Garten to Wannsee,2024-02-08 06:36:59
"u8 kotti, 4 yellow jackets waiting, direction hermannstr",2024-02-07 23:03:05
"4 yellow jackets, Sudkreuz S41",2024-02-07 20:37:16
2 b.o.s dudes,2024-02-07 18:39:53
"U3 richting krumme lanke, gerade hallesches tor",2024-02-07 18:39:44
"u1 hallesches tor, headed to warschauer
2 guys BOS jackets",2024-02-07 18:24:17
u7 richtung rudow bei konstanzerstr,2024-02-07 18:06:30
Blue vests just got on U6 from oranienburger tor heading towards Kurt-Schumacher,2024-02-07 18:06:27
1 m gelesene 1 w gelesene Ps,2024-02-07 18:03:47
u5 richtung hbf 2 bos rotes rathaus ausgestiegen,2024-02-07 18:03:36
U5 Rotes Rathaus jetzt Richtung Hauptbahnhof,2024-02-07 18:03:23
"U6 direction K.-platz at least 2 guys blue K√∂tter vests, got out Friedrichsstra√üe",2024-02-07 17:54:36
Fahren u3 Richtung wahrschauer,2024-02-07 17:41:58
Spichern str 3 kontros in dunkelblauen bos westen,2024-02-07 17:40:24
U5 Schillingstra√üe Bahnhof,2024-02-07 17:39:36
U9 zoologischer Garten,2024-02-07 17:35:36
ja,2024-02-07 17:30:25
Aufm gleis?,2024-02-07 17:27:52
Die sind gerade am Halleschen Tor aufm U6 Gleis,2024-02-07 17:23:25
"Waren U2, jetzt Klosterstrasse zwei Blaue Vesten",2024-02-07 17:23:06
"blaue westen, sind eben in tempelhof ausgestiegen",2024-02-07 17:10:02
u6 richtung alt tegel gerade h√∂he tempelhof,2024-02-07 17:09:28
Pobielski ausgestiegen,2024-02-07 16:52:40
U3 dahlemdorf richtung wahrschauer 4 m gelesen mit Vesten,2024-02-07 16:52:04
S Bahn Kontrolleure am Hbf,2024-02-07 16:28:44
Sind ausgestiegen und auf dem vorderen Teil des Gleises (Richtung Zoo),2024-02-07 16:01:14
"S5 nach Olympiastadion, Kontrolle gerade Tiergarten",2024-02-07 16:01:01
Hallesches Tor u6 3 St√ºck erster wagong,2024-02-07 15:45:09
Controlleure in der S46  Richtung Westend. Tempelhof ausgestiegen,2024-02-07 15:00:55
"drei blaue westen u 6 richtung alt tegel 
gleich platz der luftbr√ºcke",2024-02-07 15:02:49
vor*,2024-02-07 15:10:22
Blaue cap und schwarze Jacke,2024-02-07 15:09:00
kottbusser tor,2024-02-07 15:10:13
Hackescher Markt S3,2024-02-07 15:42:24
1 kontrolleti Hansaplatz,2024-02-07 15:09:00
H√§lt sich Mitte des Gleises auf und hat gerade jemanden gepackt,2024-02-07 15:09:36
blue suit light green vests,2024-02-07 15:59:26
S42 shoneberg 2 db-man‚Äôs,2024-02-07 15:58:47
sind jetzt doch wittenbergplatz ausgestiegen,2024-02-07 15:05:20
Richtung Mehringdamm,2024-02-07 15:45:19
"Aufm S Landsberger Allee stehen ein Haufen Cops in Montur, keine Kontrollen bisher",2024-02-07 15:58:35
Welche Haltstelle ?,2024-02-07 15:09:46
U8 Hermannstra√üe Richtung Wittenau b.o.s und cops,2024-02-07 14:43:22
"Drei Kontrolletis auf dem Bahnsteig u2 b√ºlowstra√üe, steigen in die n√§chste ubahn Richtung ruhleben ein",2024-02-07 14:34:16
Bellevue sind 2 mit schwarzen Jacken,2024-02-07 14:02:21
"gro√üe gruppe (min 6) BOS U7 stehen fehrbelliner platz und warten auf U7 richtung spandau

f√ºnf m gelesen und eine w gelesen mit wei√üem mantel",2024-02-07 14:56:15
Schillstra√üe ausgestiegen,2024-02-07 14:37:58
Bellevue,2024-02-07 14:37:00
,2024-02-07 14:05:37
,2024-02-07 14:05:37
bOS blissestra√üe u7,2024-02-07 14:28:33
Mehrere Kontrollen,2024-02-07 14:37:15
u8 richtung wittenau 3-4 kontrolettis,2024-02-07 14:51:17
Ringbahn S42 Hermanstr ausgestiegen. 1x olivgr√ºner Parler im Jeans und Kollege in Schwarzer Jacke. Sind S-Bahn Hermannstra√üe ausgestiegen,2024-02-07 14:49:22
sagen dass die mit der U7 richtung spandau durchfahren wollen,2024-02-07 14:58:58
friedrichstr s5 gleis straussberg,2024-02-07 14:50:59
Hansaplatz u9,2024-02-07 14:37:39
,2024-02-07 13:55:35
U8 Pankstrasse,2024-02-07 13:45:31
U8 blue jackets x 3,2024-02-07 13:05:11
Weinmaster am gleis,2024-02-07 13:05:24
U6 blau vesten oranienburger tor richtung alt mariendorf,2024-02-07 13:06:49
,2024-02-07 13:55:34
"Jannowitzbr√ºcke s bahn kontrolleur:innen

Unauff√§llig schwarz gekleidet",2024-02-07 13:53:42
Hallesches Tor. (U6). Stay on the platform,2024-02-07 13:39:53
Blue jankets B.O.S. at Alexander Platz U5 direction Hauptbahnhof,2024-02-07 13:16:36
S3 sind Sbhf K√∂penick vier kontrolleure eingestiegen  drei Frauen plus ein typ,2024-02-07 13:44:40
what direction?,2024-02-07 13:34:21
Next arriving at gesundbrunnen,2024-02-07 13:08:52
U8 Weinmeisterstr ausgestiegen,2024-02-07 13:02:22
U7 Mehringdamm Richtung Rathaus Spandau.. viele stehen auf dem Bahnstieg,2024-02-07 13:40:46
Mehringdamm raus,2024-02-07 13:33:56
H√∂he nordbahnhof sry,2024-02-07 12:38:59
2 x blauwesten u 8 Alex ausgestiegen.,2024-02-07 12:29:50
"U8 Rosenthaler Platz, 3x Blue Vest, up taking a break probably",2024-02-07 12:52:53
"S42 Hohenzollerndamm, 2 M√§nner mit schwarzen Strickm√ºtzen. Sind nicht ausgestiegen und fahren weiter",2024-02-07 12:41:41
U6 Reinickendorfer str. Rich. Alt-Mariendorf 4/5x M√§nner mit blauwesten 2 auch am Gleis,2024-02-07 12:51:04
U7 Hermannplatz Richtung Rathaus Spandau gro√üe Gruppe auf dem Bahnsteig,2024-02-07 12:43:39
Kontroleurin in der u8 heinrich Heine str. Richtung wittenau.,2024-02-07 12:05:02
One or more got off at Bernauer Strasse,2024-02-07 12:59:12
Blauwesten in Weinmeisterstra√üe 2 Frauen,2024-02-07 12:26:05
Richtung Hermannstra√üe,2024-02-07 12:26:18
"They left on Bernauer str., will probably get on the next train",2024-02-07 12:08:52
"M10 Richtung Turmstra√üe, braune Samtjacke",2024-02-07 12:34:04
S41 Tempelhof 2 men in casual clothes,2024-02-07 12:32:07
Wo?,2024-02-07 12:38:45
2 blauwesten u bernauer Stra√üe,2024-02-07 12:31:42
In BVG Uniform,2024-02-07 11:09:01
"Ich habe stand auf dem Bahnsteig, sie stiegen in den Zug. Blaue Westen.",2024-02-07 11:56:17
"One guy, 2 girls",2024-02-07 11:24:11
"Kontrolletti s75 nach Potsdam, gerade s Springpfuhl
Schwarze Jacke, blonde kurze haare",2024-02-07 11:02:00
U6 Richtung alt Mariendorf jetzt ullsteinstr,2024-02-07 11:08:56
"12:15 uhr, weitergeleitet:

""U3 Prinzenstrasse
Richtung Krumme Lanke""",2024-02-07 11:17:59
m5 richtung zingster stra√üe ‚Äî jetzt mollstr/otto braun str,2024-02-07 11:21:47
S bahn,2024-02-07 11:24:30
3 Blaue Western Frankfurter Tor richtung Haupbahnof,2024-02-07 11:34:40
U7,2024-02-07 11:59:15
Pigs u6 ullsteinstra√üe,2024-02-07 11:13:04
Welche Kleidung?,2024-02-07 11:54:11
"U6 
leopoldplatz",2024-02-07 11:28:14
Three officers at Wedding station,2024-02-07 11:24:02
U Schlo√üstra√üe Bushaltestelle M85 Richtung Lichterfelde S√ºd,2024-02-07 11:55:32
Gerade ein Mac book air am Alex gefunden,2024-02-07 10:56:51
Mit der s41 bis gesundbrunnen gefahren und jetzt dort auf dem Gleis,2024-02-07 10:06:39
Bullen und B.O.S. U5 magdalenenstra√üe.,2024-02-07 10:49:25
Blauwesten Bus Station Ostkreuz Richtung Lichtenberg,2024-02-07 10:17:23
U6 wird kontrolliert Hallesches Tor,2024-02-07 10:41:47
U9 Turmstr ausgestiegen,2024-02-07 10:50:35
S1 Nikolassee,2024-02-07 10:33:31
U2 direccion ruhleben,2024-02-07 10:47:27
"S1 Feuerbachstra√üe, 2 M√§nner und 2 Frauen, alle in schwarz- kontrollieren Richtung Wannsee.",2024-02-07 10:04:38
S 1 Richtung Frohnau steigen Wedding aus,2024-02-07 10:00:27
U2 Richtung Pankow,2024-02-07 10:00:26
Now hufeland towards hakescher,2024-02-07 10:30:13
M4 Greifswalder Danziger,2024-02-07 10:24:48
"Ringbahn zwischen Frankfurter Allee und Storkower. Zwei Dudes, erkennt ihr sofort, trust me üòÖ",2024-02-07 10:17:17
Und weiter gehts. Nochmal zwei dudes zwischen Landsberger und Greifswalder,2024-02-07 10:20:39
4 blaue Westen am u8 weinmeisterstrasse,2024-02-07 09:10:11
"u7 ri hermannplatz, n√§chste station gneisenaustrasse",2024-02-07 09:16:55
S5 Richtung Olympiastadion momentan in birkenstein,2024-02-07 09:57:01
Sind weinmeister raus,2024-02-07 09:49:52
Bus X10 Richtung Zehlendorf sind eben an der Station Adenauerplatz ausgestiegen,2024-02-07 09:23:44
Am Alexanderplatz u8 Richtung Kreuzberg,2024-02-07 09:17:07
Auf dem Bahnsteig oder in der U-Bahn?,2024-02-07 09:18:44
"u8 ri wittenau, zwischen jannowitzbr√ºcke und alexanderplatz",2024-02-07 09:35:48
"09:36 uhr

""S3 Olympiastadium""


Originalbild gel√∂scht.
Bitte alle Gesichter aus den Bildern √ºbermalen oder rausschneiden.

Es ist nicht ok einen ganzen Wagen oder Plattform zu fotografieren und hier reinzustellen.",2024-02-07 09:36:04
"S1 nach Halensee. 2x m√§nnlich gelesen, 1x mit schwarzer Jacke, 1x mit grauer Jacke",2024-02-07 09:02:33
U8 Alexanderplatz richtung Wittenau,2024-02-07 09:48:01
U8 Blaue Westen wieder Alexanderplatz,2024-02-07 09:53:50
"Sind 3 Personen, zwei m√§nnlich gelesen und eine weiblich, tragen alle Westen von B.O.S",2024-02-07 09:24:26
Grade bei Leopoldplatz u6 Richtung alt mariendorf,2024-02-07 09:43:09
S5 nach Strausberg Nord bei Bellevue 2 m√§nnlich gelesen,2024-02-07 09:41:46
Mind. 3 BVG Kontrolleure in der U2 Deutsche Oper ausgestiegen,2024-02-07 08:54:48
"1 male read person (grey jacket, jeans, white sneakers) in S 1 Jungfernheide direction to Oranineburg",2024-02-07 08:40:50
3x BOS at frankfurter tor u5. Heading to honow,2024-02-07 08:15:47
2x BOS im Bus 245 richtung Turmstrasse gleich haltestelle Steinplatz,2024-02-07 08:20:16
"3 Personen ohne Weste S75 Richtung Wartenberg, gerade Friedrichsfelde",2024-02-07 08:45:28
Fahren jetzt Richtung osloerstra√üe,2024-02-07 08:43:33
"Elsterwerderplatz U5 
3 kontis bvg Jacken",2024-02-07 08:27:36
4 Blauwesten U8 Gesundbrunnen,2024-02-07 08:35:45
U8 Bernauerstr,2024-02-07 08:56:32
"Alexanderplatz ausgestiegen, eine Person war in einer gr√ºnen Weste",2024-02-07 08:56:50
"2 Menschen schwarz angezogen, gerade s7 in Friedrichsfelde Ost ausgestiegen",2024-02-07 08:21:02
fahren wahrscheinlich weiter mit der s7 richtung ahrensfelde,2024-02-07 08:21:29
schwarze bomberjacke,2024-02-07 08:10:17
S Halensee s46 2m gelesen mit schwarzen M√ºtzen,2024-02-07 08:34:15
halensee ausgestiegen,2024-02-07 08:11:25
,2024-02-07 07:02:59
Blau Westen in der u8 Richtung hermannplatz (sind jetzt am Alexanderplatz) steigen mit aus,2024-02-07 07:07:50
U8 Just left at Moritzplatz,2024-02-07 07:33:02
S5 richtung ostbahn eingestiegen,2024-02-07 07:08:04
Alexanderplatz,2024-02-07 07:02:06
Richtung witenau am hermannplatz,2024-02-07 07:57:53
Sind Alt-Reinickendorf raus,2024-02-07 07:26:56
"U8 Moritzplatz
Blaue Weste",2024-02-07 07:32:38
"S5/S7/S75 Friedrichafelde ost 
kontis 2 Herren 1 Frau alle schwarz gekleidet",2024-02-07 07:05:58
"2 Personen S8 Richtung Treptower Park, Blaue Jeans, Blaue Jacken",2024-02-07 07:44:16
Kontrolleure mit blauen westen gerade in die u8 gestiegen,2024-02-07 07:57:35
Richtung Potsdam hbf,2024-02-07 07:26:49
"S25 Alt-Reinickendorf-> Gesundbrunnen
2 m√§nnlich gelesen, komplett schwarz angezogen, 1 mit schwarzer M√ºtze und S-Bahn-Ausweis umgeh√§ngt, 1 mit Tattoos am Nacken",2024-02-07 07:26:32
2 schwarz angezogen m√§nnlich gelesene Kontrolettis grade Sbahn Zoo eingestiegen Richtung Westen,2024-02-07 07:55:24
S5 (currently at Warschauer Str) to Ostbahnhof,2024-02-07 07:15:20
"S5 Richtung Mahlsdorf, gerade wuhletal. Zwei m√§nnlich gelesene Personen (beide dunkel gekleidet, eine mit cap) und eine weibliche gelesene (mit tattoos im Gesicht).",2024-02-07 06:44:14
S Heidelberger Platz,2024-02-07 06:38:01
"grade alex M4, steigen jetzt am Saturn aus  (U Alexanderplatz)",2024-02-07 06:27:27
nochmal die beiden,2024-02-07 06:26:55
"Zwei m√§nnlich gelesen S42, gerade S√ºdkreuz raus",2024-02-07 05:35:46
U8 witenau pankstr Es gibt Polizei,2024-02-06 23:36:54
Leinestra√üe ganz viel Polizisten,2024-02-06 21:15:02
U8 Heinrich Heine. 2 Blauwesten,2024-02-06 20:53:51
Sind jetzt nicht eingestiegen,2024-02-06 18:21:05
"U7 adenauer platz Richtung Rudow, 4 m√§nnl gls 1 weibl gls mit blau weste",2024-02-06 18:20:38
"U7 Richtung Rudow, Wilmersdorfer Stra√üe",2024-02-06 18:10:01
10-12 cops at samariterstra√üe platform,2024-02-06 17:56:34
Platform,2024-02-06 17:53:21
U2 Alexander,2024-02-06 17:52:59
"18:42 uhr, weitergeleitet:

""U2 Klosterstra√üe
Blauwesten""",2024-02-06 17:48:29
"Potsdamer Platz (U), Blue vests on the platform",2024-02-06 16:44:31
üôè,2024-02-06 16:38:59
"Nein, das geht nicht. Nur personalisierte Tickets. Also mit einem Namen.",2024-02-06 16:38:17
"Kann ich so ein Ticket nachreichen, wenn ich erwischt wurde? Ist ein Jobticket meines Mitbewohners. Steht kein Name drauf",2024-02-06 16:35:11
"If there is a big control on a station then cops are there almost all the time too.
Also:
Please report cops and other dangerous people in this group.
For questions please join @Diskussionsgruppe.",2024-02-06 16:16:26
Nor that of the Ordnungsamt,2024-02-06 16:12:13
No. It's not their remit,2024-02-06 16:12:01
Do cops ever check tickets?,2024-02-06 16:10:45
they are still there but not checking tickets,2024-02-06 16:08:25
are they still there? and checking tickets?,2024-02-06 16:02:22
"M29 Richtung Hermannplatz, Kudamm drei M√§nner eingestiegen mit Bos Weste und schwarzen Klamotten",2024-02-06 15:56:06
11 cops at m√∂ckernbrucke,2024-02-06 15:51:06
Wittenbergplatz u3,2024-02-06 15:46:14
"S41, s42, s45, s46, s47",2024-02-06 15:41:31
Zwischen hermannstra√üe und tempelhof massenkontrolle mit dunkelgr√ºnen westen,2024-02-06 15:38:01
"16:31 uhr, weitergeleitet:

""U Kurf√ºrstenstra√üe
2 Kontis""",2024-02-06 15:33:20
"gucken nur auf Navigator QR
scannen aber nicht",2024-02-06 15:14:28
"S42 - 3 m√§nnl. gelesen 
zwei in gr√ºnen 'DB Pr√ºfpersonal' westen

jetzt Hermannstra√üe ausgestiegen.",2024-02-06 15:12:40
Gleich in s42  eingestiegen,2024-02-06 15:09:13
2 Personen in gr√ºnen Westen,2024-02-06 15:07:34
S41 gleich tempelhof,2024-02-06 15:07:15
"u3 kurf√ºrstenstr. am gleis mit bos westen, machen wohl gerade pause",2024-02-06 14:17:40
S41 hermanstrasse,2024-02-06 14:22:25
S42 templehof,2024-02-06 14:28:15
2 m√§nnlich gelesene Personen in gr√ºner Weste eingestiegen am Tempelhof in S42,2024-02-06 14:57:06
U9 Hansa bis Zoo. BOS Jackets,2024-02-06 14:29:32
"They ask you to use U9 instead, which is being massively controlled",2024-02-06 14:46:19
"u7 Rathaus spandau, gerade mehringdamm eingestiegen. 2 x m , mit gelbe Westen",2024-02-06 14:22:35
Kontrolle Tempelhof beibder Sbahn Stehen am Gleis,2024-02-06 14:02:29
Tempelhof Pr√ºfpersonal auf dem sbahnGleis,2024-02-06 14:50:00
S85 nach gr√ºnau,2024-02-06 14:27:14
U7 auf Bahnsteig Richtung Rathaus Spandau 2 M√§nner ein Frau,2024-02-06 14:05:39
Gro√üe Kontrolle s42 Tempelhof,2024-02-06 14:26:57
U7 between Berliner Str and M√∂ckernbr√ºcke not working,2024-02-06 14:45:43
M10 direction werschauerstr- 2 people in civilian clothes . Got off at nordbahnof,2024-02-06 14:48:30
Ringbahn Tempelhof,2024-02-06 14:02:29
ring zw. templehof and hermannstrasse. green vests,2024-02-06 13:09:59
Mind 5. Menschen (alles Opfer) in der U9 Richtung Turmstra√üe Richtung Steglitz,2024-02-06 13:43:18
,2024-02-06 13:23:32
Nollendorfplatz,2024-02-06 13:35:43
S5 arrivin at friedrichsstrasse,2024-02-06 13:23:01
"am kotti u8 gleis richtung hermannstr mit gelben westen, steigen nicht ein",2024-02-06 13:24:15
"Aber die sind eh da ausgestiegen, also mach dir keine Sorge falls du in der Bahn bist",2024-02-06 13:00:05
Mehringdamm 2 blaue Westen,2024-02-06 13:26:55
Alexanderplatz. On the platform.,2024-02-06 13:10:45
2 Blauwesten Gesundbrunnen grad in die U8 Richtung Hermannstr. eingestiegen.,2024-02-06 13:17:21
5 blauwesten w gelesen + 1 blauweste m gelesen am U bernauer,2024-02-06 13:35:16
U3,2024-02-06 13:36:20
,2024-02-06 13:36:05
187 kleistpark Richtung halbauer weg,2024-02-06 13:54:19
"S9 Richtung Spandau, grade Savignyplatz",2024-02-06 13:48:26
U8 Voltastr Richtung wittenau 2x blauwesten,2024-02-06 12:34:44
U9 Birkenstra√üe Richtung Rathaus Steglitz. 2 m√§nnlich gelesen. Eingestiegen erster Wagon.,2024-02-06 12:25:06
"1 m√§nnl gelesen M10 Richtung Warschauer Stra√üe, Gedenkst√§tte Berliner Mauer ausgestiegen",2024-02-06 12:20:01
Kurt Schumacher Platz am Gleis U6 4 Leute in blauer Weste,2024-02-06 12:28:37
2 Herren,2024-02-06 12:50:06
S9???,2024-02-06 12:58:15
S47 tempelhof to Hermannstra√üe,2024-02-06 12:22:15
"M10 Richtung Hbf 3m, einer mit Brille. H√∂he Invalidenpark rein",2024-02-06 12:55:12
S7 noldenerplatz Richtung Mitte 2 kontrolletis,2024-02-06 12:57:47
,2024-02-06 12:22:44
U8 Rosi Richtung Hermannstrasse,2024-02-06 12:35:59
U 8 Rosenthaller Richtung hermannplatzt,2024-02-06 12:39:54
Westkreuz S42,2024-02-06 12:07:40
4x conrollers,2024-02-06 12:24:42
Sorry. 46 nach westend war das,2024-02-06 12:51:18
U9 - 3 Kontrolleure am Hansaplatz,2024-02-06 11:53:50
"Kotti: 1civil 1weste, auf dem Bahnsteig U1 Richtung Warschauer Stra√üe",2024-02-06 11:33:30
U3 Gleisdreieck Richtung Warschauer Stra√üe,2024-02-06 11:23:41
2 Kontros S3 Karlshorst,2024-02-06 11:20:03
"U9, Richtung Osloer str., 2p. bei Hansaplatz ausgestiegen",2024-02-06 11:41:09
"12:13 uhr, weitergeleitet:

""U9 Turmstra√üe
2 BOS""",2024-02-06 11:14:34
U9 westhafen stehen 5 rum,2024-02-06 11:22:38
Sind bundesplatz ausgestiegen,2024-02-06 11:51:17
Now in beusselstrasse,2024-02-06 11:49:24
Drei Personen mit dunklen Westen,2024-02-06 11:50:35
Zwei bleu vests @ Heinrich-heine,2024-02-06 11:46:49
u5 schillingstr richtung h√∂now,2024-02-06 11:08:45
3 Blauwesten u9 richtung Rathaus Steglitz am Hansaplatz rein,2024-02-06 11:27:38
kontros jungfernheide,2024-02-06 11:46:08
Polizei u8 kottbusser Tor,2024-02-06 11:42:08
S41,2024-02-06 10:17:08
S1 gerade jungfernheide,2024-02-06 10:08:30
"118er wird kontrolliert Richtung s Wannsee, gerade Potsdamer Chaussee/Lindenthaler",2024-02-06 10:10:56
U6 Rehberge 3 blauweste,2024-02-06 10:26:34
U8 rosenthalter Platz ausgestiegen,2024-02-06 10:30:18
"11:36 uhr, weitergeleitet:

""S9 Charlottenburg
Richtung Osten
1 Konti, beige Cargo Hose, schwarze Jacke, lange Haare im Dutt""",2024-02-06 10:37:04
U1/U3 M√∂ckernbrucke blue vests,2024-02-06 10:42:23
3 m√§nner in bvg jacke stehen an der u5 richtung hbf,2024-02-06 10:53:35
"Hat jemand ein Ticket, was ich nachreichen kann? W√ºrde gerade erwischt und hab gesagt dass ich es vergessen h√§tte?",2024-02-06 10:13:09
"U9 Turmstrasse am Gleis ein Typ mit M√ºtze und Weste, war gerade in u9 Richtung Osloer Strasse. Steigt wahrscheinlich gleich in u9 Richtung Steglitz",2024-02-06 10:52:40
M43 Ostkreuz ausgestiegen,2024-02-06 10:36:59
U9 dunkelblaue BOS Kleidung mehrere Personen gerade Hansaplatz aus der Bahn Richtung Rathaus Steglitz ausgestiegen,2024-02-06 10:42:21
2 Damen in Gesundbrunnen U 8 mit Weste,2024-02-06 10:58:12
"S85 Richtung Pankow h√∂he S Greifswalder, 2 m
Einer hat helle cargo hose und schwarze Jacke, der andere blaue Hose und graue Jacke + Brille",2024-02-06 10:27:12
"U6 kurt schumacher platz, 3 kontrollmenschen",2024-02-06 10:00:29
S1 Richtung Wannsee. Station Zehlendorf. Bleiben im Wagen,2024-02-06 09:43:04
sorry sind doch erst westkreuz ausgestiegen,2024-02-06 09:27:03
"s1 auf ring halensee ausgestiegen, 2, einer auff√§llig gro√ü mit schwarzer weste √ºber wei√üem sweatshirt",2024-02-06 09:24:59
"2 blaue Westen gerade U-Bahnhof Seeszr ausgestiegen, Richtung Alt-Mariendorf",2024-02-06 09:26:09
U6 seestr am bahnsteig,2024-02-06 09:26:36
"S5 Westkreuz in Zivi. 2 m gelesene Personen. Einer hat braune Jacke, schwarze Hose und schwarze m√ºtze an. Charlottenburg ausgestiegen",2024-02-06 09:57:17
U9 Hansaplatz Richtung Rathaus Steglitz,2024-02-06 09:55:39
"U7 bayerischer Platz Richtung Spandau, 3 m√§nnlich gelesen mit dunkel blau Sicherheit Jacke",2024-02-06 09:46:43
"Zwei Weiblich, eine m√§nnlich gelesene Person",2024-02-06 09:10:27
Steigen bernauer aus,2024-02-06 09:12:48
In der bahn voltastra√üe,2024-02-06 09:11:31
S9 flughafen BER jetzt Ostbanhof ausgestiegen,2024-02-06 09:17:21
S 1 Richtung Wannsee. Am Mexikoplatz Wagen gewechselt,2024-02-06 09:46:07
They left the train @ kotbusser tor,2024-02-06 09:55:14
Gesundbrunnen U8 Rochtung Hermannstr.,2024-02-06 09:09:21
U8,2024-02-06 08:22:56
s Flughafen sch√∂neweide richtung Flughafen,2024-02-06 08:41:07
S42 steigen jetzt Landsberger Allee aus,2024-02-06 08:06:08
Osloerstr direction wittenau 2 or 3 in blue,2024-02-06 08:22:30
2 mann in zivi,2024-02-06 08:50:30
"M5 ri Hbf H√∂he Klinikum Friedrichshain, weibl. gelesen",2024-02-06 08:49:35
rehberge raus,2024-02-06 08:15:03
"Originalbild gel√∂scht.
Bitte alle Gesichter aus den Bildern √ºbermalen oder rausschneiden.

Es ist nicht ok einen ganzen Wagen oder Plattform zu fotografieren und hier reinzustellen.",2024-02-06 08:12:53
S42 richtung eingesteigen frankfurter allee richting westkreuz,2024-02-06 08:50:20
"2xm (gr√ºne und wei√üe Jacke) S1 Richtung Spindlersfeld, aktuell Willhelmsruh",2024-02-06 08:17:05
U8 jannowitzbrucke. Heading towards Hermanstrasse,2024-02-06 08:27:45
"3x m√§nnlich gelesen mit blauen westen, u6 seestr richtung kutschi eingestiegen",2024-02-06 08:14:37
Security and blue vest controllers at Kottbusser Damm U8 platform to Hermannstr.,2024-02-06 08:39:08
Jetzt Prenzlauer Allee auf dem Gleis,2024-02-06 08:39:41
"2x mit gr√ºner Weste, gerade aus der S7 Ahrensfelde in S+U Friedrichstr. ausgestiegen",2024-02-06 08:52:25
s9 charlottenburg direction east,2024-02-06 07:17:06
"U8 osloer, 4 blauweste, Richtung Hermannstr",2024-02-06 07:48:43
getting out at gesundbrunnen,2024-02-06 07:19:35
S5 zwischen Savigny Platz und Charlottenburg ein Mann und eine Frau,2024-02-06 07:46:06
U9 zoologischer garten richtung osloer str 5-6 BOS kontrolleure,2024-02-06 07:14:30
"S3 Karlshorst, 2 women and 1 men in black",2024-02-06 07:39:44
they are waiting on the platform for the next u8 wittenau arriving at gesundbrunnen,2024-02-06 07:21:16
Jetzt Bellevue ausgestiegen,2024-02-06 07:22:36
S2  richtung buch grad s am s karow ganz hinten,2024-02-06 07:40:24
With a white coat,2024-02-06 07:31:41
Ubhf Wedding drei blauwesten am Bahnsteig haben jmd erwischt,2024-02-06 07:25:35
Savinipladz 8:54,2024-02-06 07:54:23
2 schwarz gekleidete m√§nnlich gelesene,2024-02-06 07:10:59
"S7 Richtung Ahrensfelde, aktuell Friedrichstra√üe",2024-02-06 07:20:18
U9 Turmstr. ausgestiegen,2024-02-06 07:30:11
S46 Sch√∂neberg Richtung Innsbrucker Platz,2024-02-06 06:46:22
"An der u bernauer stehen vier blauwesten, steigen vermutlich Richtung Hermannstra√üe ein",2024-02-06 06:38:10
Mollstr/ Otto braun,2024-02-06 06:31:50
,2024-02-06 06:31:48
M4,2024-02-06 06:31:44
"Kontrolle in s42, gerade am treptower Park. M√§nnlich gelesene Person mit schwarzer Adidas-Jacke und Vollbart.",2024-02-06 06:24:02
Danke üôè,2024-02-05 21:41:40
üëç,2024-02-05 21:13:10
@lostandfoundberlin,2024-02-05 20:33:01
Kannst nur personalisierte Tickets  nach reichen,2024-02-05 19:30:41
Jetzt bin ich da Mitglied. Wie geht es weiter ?,2024-02-05 19:10:33
Werde Mitglied beim 9‚Ç¨ Fond.https://9eurofonds.de/,2024-02-05 19:02:50
"Ich habe eine Frage wurde beim schwarzfahren erwischt, der Typ war so nett und meinte ob ich nicht jemanden hab von dem ich das Ticket nachreichen kann Online? Hat jemand eine Ahnung wie das geht und ggf. so ein Ticket? Sorry falsch das hier falsch ist",2024-02-05 18:54:56
U3 Richtung Warschauer Stra√üe,2024-02-05 18:53:37
"19:27 uhr, weitergeleitet:

""U7 Blissestra√üe
Richtung Rudow
2 mit blauer Weste""",2024-02-05 18:28:27
Ne menge bullen und secus aufm u8 gleis an der osloer,2024-02-05 18:23:09
Steigen aus,2024-02-05 18:19:04
U7 Richtung Rudow gerade Jungfernheide 2 kontrolettis in westen,2024-02-05 18:18:44
2 Blauwesten u8 Rosenthaler Platz Richtung herrmannstr,2024-02-05 18:15:02
U3 Breitenbachplatz in the direction to Warschauer Str.,2024-02-05 18:09:27
Tram 21 steigen gleich drei Kontrolettis Richtung Lichtenberg ein,2024-02-05 18:03:32
Am gleis,2024-02-05 17:57:52
3 BOS Dahlem Dorf richtung Warschauer Strasse,2024-02-05 17:57:37
2x in BOS Jacken + 1x wei·∫ûe fleecjacke - Kurf√ºrstenstra√üe u1/u3 nach Warschauer str,2024-02-05 17:56:28
U9 Hansaplatz ausgestiegen,2024-02-05 17:51:53
Wilhemdorferstr u7 platform 4-6 b.o.s. In uniform,2024-02-05 17:50:59
"Kontrolle 1 w und 1 m, gerade U Wittenbergplatz raus",2024-02-05 17:36:00
I'm assuming towards mitte,2024-02-05 17:27:27
Kaiser in augusta blue vest u6,2024-02-05 17:26:06
"18:07 uhr, weitergeleitet:

""U6 Tempelhof
Richtung Stadt
2 Blauwesten""",2024-02-05 17:12:11
U6 Platz der Luftbr√ºcke 2 Blauwesten,2024-02-05 17:09:56
"17:44 uhr, weitergeleitet:

""U6 Unter den Linden
BOS blau neongelb""",2024-02-05 17:01:51
"Auch die Antworten hierauf (zum Thema, ob in zivil kontrolliert werden darf) verschiebe ich in die Diskussionsgruppe und l√∂sche sie hier.",2024-02-05 16:58:59
kontrollierende Blauwesten an der U2 so-called Mohrenstra√üe gerade ausgestiegen,2024-02-05 16:47:25
"Sind Heinrich jetzt ausgestiegen, aber zu dritt",2024-02-05 16:33:14
U8 zwei blauwesten am Alex Richtung Hermannstra√üe,2024-02-05 16:28:14
Bahnsteig Hackescher Markt. Ohne Westen,2024-02-05 15:46:14
U9 Spichernstrasse richtung Osloerstr BOS-Kontrolleure auf dem Bahnsteig haben ein Paar erwischt,2024-02-05 15:44:30
S7 Richtung Potsdam. Jetzt hackescher markt,2024-02-05 15:42:22
U 6 westphalweg blauwesten,2024-02-05 15:26:04
U3 Kurf√ºrstenstra√üe 2 bos in the middle to Warschauer str,2024-02-05 15:17:51
"eben U8 ab Jannowitzbr√ºcke (richtung unbekannt)
neonorangene jacke, m√§nnlich gelesen, wei√ü und alleine unterwegs!",2024-02-05 15:06:34
"Soweit ich wei√ü, hat Wewatch keine Ticketkontrollen",2024-02-05 15:05:18
"S5 Alexanderplatz gerade am Gleis ausgestiegen

  mind. 2 Kontrolletis, einer m√§nnl. gelesen, schwarzer Parker mit Kunstfellkragen",2024-02-05 14:31:16
Sind Hbf raus,2024-02-05 14:18:32
"Sind ins S5 eingestiegen, gerade Hbf Richtung Ost",2024-02-05 14:17:04
"Sind Tiergarten ausgestiegen, jetzt auf Gleis",2024-02-05 14:10:01
u5 frankfurter tor nach hauptbahnhof 3 bos,2024-02-05 14:07:42
"S5
Bellevue Richtung CHB",2024-02-05 14:07:36
Bus Station Sophie Charlotte Stra√üe,2024-02-05 14:07:20
1 weib. 1 M√§n. Gelesene mit Blaue Vesten am ubhf Ullsteibstr U6 Richtung Alt Mariendorf,2024-02-05 14:03:04
Alexanderplatz Platform richtung Westen,2024-02-05 13:48:36
M45 Richtung spandau: sophie Charlotte str,2024-02-05 13:45:30
Jetzt Mehringdamm ausgestiegen,2024-02-05 13:37:46
"U7 m√∂ckernbr√ºcke b.o.s mit bvg sicherheit, grade auf dem gleis richtung rathaus spandau",2024-02-05 13:17:15
U9  Leopoldplatz drei Kontrollen in zivil Richtung oslower,2024-02-05 13:54:46
Ich verschiebe die Antworten hierauf mal in die Diskussionsgruppe und l√∂sche sie hier.,2024-02-05 13:15:29
"Ubhf alt-tempelhof Linie u6 2 Kontrolleure, eine weiblich gelesene und ein m√§nnlich gelesener
Dunkelblaue westen",2024-02-05 13:54:22
"U9 at zoobahnhof to rathaus steglitz, police and ticket control",2024-02-05 13:38:56
ziemlich weit hinten,2024-02-05 13:17:33
U6 Hallesches Tor 2 Westen,2024-02-05 13:33:11
U8 voltastrasse blaue weste,2024-02-05 13:18:19
Zwei blauwesten m√§nnlich gelesen stadtmitte sind jetzt jn die u6 richtung karl schuhmacherplatz,2024-02-05 13:20:45
2x b.o.s,2024-02-05 13:46:33
Neon orange Jacke,2024-02-05 13:48:56
"S42 n√§chste station S hermannstra√üe;
Schwarze Jacke, dort ausgestiegen",2024-02-05 13:58:46
"u7 Gneisenaustr Station, 4x gelbe Weste",2024-02-05 12:24:39
u8 gesundbrunnen richtung hermannstr 3 in blauen westen,2024-02-05 12:43:19
kontrolle zwischen s hauptbahnhof und s friedrichst.,2024-02-05 12:16:11
"2 (read as) older white guys with dark blue vests at busstation lohm√ºhlenstra√üe, likely getting back on bus 194",2024-02-05 12:01:43
Wahrscheinlich Richtung Warschauer Strasse,2024-02-05 12:47:00
"S7 Richtung Potsdam. Steigen gleich Tiergarten aus. 3 Leute, alle schwarze Daunen Jacken",2024-02-05 12:52:10
Naturkundenmuseum u6 am gleis richt. Alt mariendorf,2024-02-05 12:51:27
Richtung k Schumacher,2024-02-05 12:21:23
M1 Zionskirchplatz,2024-02-05 12:35:23
U6 Reinickendorfer 3 blauwesten,2024-02-05 12:21:05
,2024-02-05 12:55:29
die 2 steigen hier aus,2024-02-05 12:33:45
"Hermannpltz u8, 2 blue ppl",2024-02-05 12:59:38
"5 guys sbahn tiergarten, not sure where theyre headed next",2024-02-05 12:55:29
2 blaua moritzplazz aufm gleis richtung wittenau,2024-02-05 12:13:32
U2 buch,2024-02-05 11:20:53
"S Wedding gerade 2 in zivil ausgestiegen (einer blaue Jeans, olivgr√ºner Mantel mit Kapuze, schwarze Haare, nicht gro√ü), steigen wahrscheinlich gleich wieder in S41",2024-02-05 11:58:58
Gerade Wuhlheide,2024-02-05 11:23:55
S41 2 m√§nnlich schwarze Jacken gerade Greifswalder,2024-02-05 11:54:52
Fahren richtig rathaus,2024-02-05 11:10:12
4 kontros in schwarz  u7 Bismarck Stra√üe,2024-02-05 11:07:53
S Wedding,2024-02-05 11:31:42
S3 they just went out in rummelsburg,2024-02-05 11:12:51
S3 Richtung K√∂penick,2024-02-05 11:23:45
U6 - Kochstra√üe. 3 m√§nnlich gelesen in Blau,2024-02-05 11:46:47
"S7 direction Ahrensfelde, between Babelsberg and griebnitzsee, got off griebnitzsee",2024-02-05 11:16:14
"U 3 Wittenbergplatz (Richtung Warschauer Stra√üe)
B.o.s Westen warten auf Ubahn (vorne)",2024-02-05 11:53:54
"S41 zugestiegen bei Wedding, jetzt Gesundbrunnen",2024-02-05 11:22:42
"U8 Richtung Hermannstra√üe gerade Pankstra√üe, blaue Westen mindestens 4 Menschen",2024-02-05 11:44:09
3k U9 direction Osloer Str. now at Walther Schreiber Platz,2024-02-05 11:18:53
"Jetzt in U7 Neuk√∂lln nach Rudow, glaube ich nur eine Person",2024-02-05 10:41:56
U6 stadtmitte 3 am gleis,2024-02-05 10:26:59
Bl√ºcherstr raus,2024-02-05 10:23:41
"M41 nach Sch√∂neweide 3 BOS (zivil, eine Person mit BOS Weste ) gerade Hallesches abgefahren",2024-02-05 10:22:38
U7 blisse str Richtung Spandau,2024-02-05 10:16:08
"U5 nach Hauptbahnhof, jetzt am Rotes Rathaus",2024-02-05 10:15:33
And now also police on the train,2024-02-05 10:02:06
"U6 direction Alt mariendorf, metro station meringhdam, 10 orange vests inside the train",2024-02-05 10:01:23
Ca 3 blauwesten hallesches tor am gleis von der u6 richtung alt tegel,2024-02-05 09:33:37
u moritzplatz 2 frau blauwesten,2024-02-05 09:19:36
Wittenbergplatz,2024-02-05 09:03:02
Alt buckow 3 m kontrolletis blaue Westen Bushaltestelle Richtung johannisthaler chaussee,2024-02-05 09:31:53
Where now?,2024-02-05 09:18:58
Kontrolletti squad in u3 Richtung Gerade Lanke,2024-02-05 09:02:46
S√ºdstern gleich,2024-02-05 09:24:11
Jetzt S√ºdstern ausgestiegen,2024-02-05 09:25:02
"2 guys X 49 Richtung Spandau, now",2024-02-05 09:41:12
"S42 Wedding jetzt Richtung  Gesundbrunnen 41. Ein einzelner Typ, gr√ºne Jacke. Zivil. Strange...",2024-02-05 09:01:47
Does anyone know if ticket-controllers have a fixed salary or they get a percentage of fines and whether that it's legal?,2024-02-05 09:05:10
"u8 nach Hermannstra√üe Voltastr ausgestiegen
m in dieser Weste und w in schwarz",2024-02-05 09:54:25
U7 Richtung rudow,2024-02-05 09:24:05
"5 Personen ohne Westen. S7 Richtung Ahrensfelde, gerade Lichtenberg",2024-02-05 09:09:45
"10:42 uhr, weitergeleitet:

""U3 G√∂rlitzer Bahnhof ausgestiegen
war Richtung Warschauer
3 junge Kontis
1 davon mit M√ºtze und BOS Jacke dunkelblau
der Rest unauff√§llig""",2024-02-05 09:50:25
U8 Voltastr nach Hermannstr,2024-02-05 08:47:14
u6 templehof checking tickets now,2024-02-05 08:48:22
3 Personen U5 Samariterstr steigen in die n√§chste U5 Richtung H√∂now.,2024-02-05 08:02:09
3 man bvg uniform,2024-02-05 08:21:20
Blaue westen am alex u8 auf dem gles richtung wittenau,2024-02-05 08:09:38
U8 gerade am Alexanderplatz ausgestiegen,2024-02-05 08:09:15
"Hello people, does anyone know if I can use the public transport with a philarmonie ticket? 

Hallo zusamen, 
Weisst jemand ob ich kann BVG mit mein Philarmoniekarte benutzen?",2024-02-05 08:56:35
Fahren jetzt Greifswalder ein,2024-02-05 08:41:19
Sind Frankfurter Allee wieder raus.,2024-02-05 08:06:27
M46 Richtung Britz S√ºd gerade Haltestelle Sch√∂neberger Stra√üe. 3 m√§nnl. gelesen. Fahren im Bus mit und kontrollieren alle die neu einsteigen.,2024-02-05 08:43:58
u8 richtung alex eine blaue weste,2024-02-05 08:28:31
"4 bluewests U8 to Hermanstr, Pankstr now",2024-02-05 08:32:29
U9 richtung rathaus steglitz in zoo grtn eingesteigen,2024-02-05 08:21:46
"3 blauwesten am ubh tempelhof, sehen so aus als wollten sie gleich in die u6 richtung kurt schumacher einsteigen.",2024-02-05 08:47:30
"U6 Platz der Luftbr√ºcke
3 blaue westen
Sind am gleis",2024-02-05 08:28:19
U6 Mehringdamm gerade 2 raus. Sind am Gleis,2024-02-05 07:58:15
kontrolle am m2 richtung hackersher markt,2024-02-05 07:56:22
Alt Mariendorf eingestiegen,2024-02-05 07:51:46
"3 Blaue Veste, 2 Dunkel Hoodies Platz der Luftbr√ºcke",2024-02-05 07:51:28
S 41 Frankfurter->storkower,2024-02-05 07:36:32
Now s42 frankfurter allee,2024-02-05 07:31:57
S41 landsburger allee. Woman green hoodie scarf,2024-02-05 07:29:01
"S75, Ostkreuz, mannlich",2024-02-05 07:25:29
U8 gesundbrunnen zwei blauwesten,2024-02-05 06:20:09
U8 Voltastrasse auf dem Bahnsteig 2 Kontrollis,2024-02-05 06:17:31
Still there,2024-02-04 23:36:04
BOS 2 men in light blue jackets at Boddinstra√üe. They are on the quay,2024-02-04 22:32:48
Really at this time?üò≥,2024-02-04 22:29:49
BOS 2 men in light blue jackets just entered U8 in Alex for. Hermannstr,2024-02-04 21:40:38
Hab dir nh Pn geschickt :),2024-02-04 20:16:14
"Guten Abend.  Leute, ich habe eine Frage.  Ich habe wegen Fahrens ohne Fahrschein ein Bu√ügeld in H√∂he von 60 Euro erhalten.  Ich habe am 22. Januar ein Bu√ügeld erhalten, und das Bu√ügeld besagt, dass ich es innerhalb von 14 Tagen (bis zum 5. Februar) bezahlen kann. Das bedeutet, dass ich das Bu√ügeld am 5. Februar noch zahlen kann, oder hei√üt das, dass es so sein muss? vor diesem Datum bezahlt, und ab dem f√ºnften Datum kann ich es nicht mehr bezahlen?",2024-02-04 20:12:18
"They are in, coming to Alex",2024-02-04 19:08:15
Hermanstrasse direktion,2024-02-04 19:07:23
2 Bos Westen Gleis U8 Weinmeisterstrasse,2024-02-04 19:07:15
Bellevue S-Bahn civil Kontrolleure,2024-02-04 18:48:27
Richtung kutcshi...,2024-02-04 18:27:44
Roseneathaler platz...,2024-02-04 18:27:13
5 Personen u8 weinmeisterstr,2024-02-04 18:11:12
,2024-02-04 18:10:54
3 M√§nner blaue Weste U8 Weinmeisterstra√üe,2024-02-04 18:08:19
Sind mittlerweile 5 und stehen immer noch U Rosenthaler Platz,2024-02-04 18:02:11
"U8 am Rosenthaler Platz, 3 M√§nner mit blaue veste",2024-02-04 17:56:20
"U8 Weinmeisterst, 2 Teams am Gleis",2024-02-04 17:42:15
U8 Ges√πndbrinnen to wittenau,2024-02-04 17:32:05
kotti u3,2024-02-04 17:31:25
U7 richtung rudow eben h√∂he mehringdamm,2024-02-04 17:02:58
Unglaublich,2024-02-04 17:02:31
,2024-02-04 17:02:10
Veste von k√∂tter,2024-02-04 16:58:56
Kontrollettis am Kottbusser Tor oben u1/u3 stehen Richtung Warschauer Str,2024-02-04 16:58:47
"U1/u3
Am Gleis am kotti 
Mit blaue veste",2024-02-04 16:58:39
2 securitys ausgestiegen u9 Kurf√ºrstendamm,2024-02-04 16:50:41
2 blauwesten m√∂ckernbr√ºcke Richtung krumme lanke,2024-02-04 15:56:49
"S3 Richtung erkner H√∂he savignyplatz zwei kontrolettis, 1x weiblich gelesen pinker hoodie schwarze Weste, 1x m√§nnlich gelesen dunkle Jacke",2024-02-04 15:47:34
U8 bernauer str nach wittenau,2024-02-04 15:46:38
u3 halesches tor,2024-02-04 15:31:19
U1 kotti Richtung Prinzenstra√üe,2024-02-04 15:14:47
s25 nach Gesundbrunnen,2024-02-04 14:46:08
Sind jetzt am Bahnsteig u6 paradestra√üe Richtung k. Schumacher Platz. Vier Kontrollore mit dunkelblauen jacken,2024-02-04 14:40:36
Sei steigen jetzt aus bei Tempelhof,2024-02-04 14:34:58
"Jetzt U6 Richtung alt mariendorf, wir sind gleich bei Tempelhof",2024-02-04 14:33:56
Jetzt richtung s41,2024-02-04 14:33:39
2 schwarze jacke hermannstr richtung s42,2024-02-04 14:30:35
S + U Hermannstrasse black jackets,2024-02-04 14:29:39
U6 richtung alt Mariendorf gleich paradestr BOS,2024-02-04 14:27:31
In CIVIL !,2024-02-04 14:25:42
Er ist eventuell allein unterwegs,2024-02-04 14:25:22
S Tiergarten / S9 / ri Spandau / hat  1 erwischt,2024-02-04 14:24:56
U6/u7 Mehringdamm stehen am Gleis Richtung Rudow,2024-02-04 14:19:54
U8 mind 2 m√§nn. gelesene mit dunkelblauen sicherheits dienst Jacken. Eben am Alex ausgestiegen,2024-02-04 14:14:13
"U8 Bernauer str 3 Kontis auf dem Bahnsteig, BOS Jacken",2024-02-04 14:06:17
U2 nach Ruhleben - Kontrolle am Nollenforf Platz,2024-02-04 13:59:35
Kotty!!,2024-02-04 13:51:21
Ring Hermannstra√üe,2024-02-04 13:38:41
U5 Samariterstr - righting hbf,2024-02-04 13:31:00
on platform,2024-02-04 13:27:42
U8 Voltastra√üe 4-6x BOS Jacke,2024-02-04 13:27:27
"S-Bahn Tiergarten, controllers in both directions",2024-02-04 13:24:38
Zwei Kontis dunkle Jacke Bellevue,2024-02-04 13:18:48
"Wittenbergplatz blauwesten Bahnsteig U1/U3
 Richtung uhlanstr/krumme lanke",2024-02-04 13:13:38
S46 Richtung Westens drei weiblich gelesene Personen n√§chste Station hohenzollerndamm,2024-02-04 12:32:00
"U2 gleisdreieck richtung Pankow, gerade auf dem gleis vorne",2024-02-04 12:15:00
Jetzt am U8 Heinrich-Heine-Stra√üe,2024-02-04 12:35:32
In U2 wurde helles fahrrad gefunden und bei mohrenstrasse neben die Bank gelegt,2024-02-04 12:26:40
Gerade paradestr.,2024-02-04 12:44:45
kontrollieren gerade s41 zwischen hermannstr und tempelhof,2024-02-04 12:02:59
Westend,2024-02-04 12:32:11
U6 Richtung Kurt Schumacher,2024-02-04 12:44:34
u3 gleisdreieck richtung krumme lanke,2024-02-04 12:13:38
u9  leopoldplatz to rathaus steglitz,2024-02-04 12:39:02
Platz der Luftbr√ºcke raus,2024-02-04 12:46:15
S41 Tempelhof,2024-02-04 12:26:32
u8 weinmeisterstr,2024-02-04 12:52:13
"S5 Richtung Westen, Station Tiergarten",2024-02-04 12:39:11
"Westkreuz - sbahn.
Drei weiblich gelesene kontrollettis!Zwei haben Pferdeschwanz, dunkel blond, Jacke, etwa 170m und etwa 30Jahre. Dritte schwarzer Mantel,dunkle Haare",2024-02-04 12:57:58
"U8 Moritzplatz, both ways",2024-02-04 11:48:14
Kottbusser Tor Bahnsteig,2024-02-04 11:41:48
"ü§© Danke f√ºr den Tip
das n√§chste Mal versuche ich daran zu denken üôè",2024-02-04 11:38:13
Please always mention the last station. Not just the line,2024-02-04 11:38:02
"Bitte schreibt ""@admin"" am Anfang einer Nachricht. Dann benachrichtigt uns ein Bot und wir l√∂schen es so schnell wie m√∂glich.",2024-02-04 11:37:28
"U7 Hermannplatz 
Richtung Rathaus Spandau
zwei Personen in gelben Neonwesten",2024-02-04 11:37:23
"i am sorry to hear 
maybe the following group helps

https://t.me/lostandfoundberlin",2024-02-04 11:35:05
"and I just lost a wallet on that train. Very small, made out of cork, size of a card, with my spanish ID, driving license, debit card, cash. Please DM if you find it.",2024-02-04 11:28:34
U3 Richtung krumme lanke,2024-02-04 11:27:17
"U6 Tempelhof, in U6 Bahn Richtung Alt Mariendorf",2024-02-04 11:22:44
very aggressive,2024-02-04 11:19:20
"U8 pulling into Sch√∂nleinstrasse now, direction Wittenau",2024-02-04 11:18:33
U8 Frankfurt Tor in the train one guy,2024-02-04 10:53:23
2 an Weberwiese! U5,2024-02-04 10:45:17
"U8 richting hermannstra√üe , bei pankstra√üe rein",2024-02-04 10:10:32
Bleiben im Zug in Greifswalder Stra√üe,2024-02-04 09:52:18
Bleiben mittig im Zug in Prenzlauer Allee,2024-02-04 09:50:33
"Sie kontrollieren mit Handy, kein gro√ües Ger√§t",2024-02-04 09:49:41
"2 M√§nner am Gleis in Sch√∂nhauser Allee. Beide schwarze Kleidung, Hose und Jacke. Richtung Landberger Allee (S41)",2024-02-04 09:48:48
Am gleis ruchtung Hermann stra√üe,2024-02-04 09:30:56
U8 Alexander platz 3 bos,2024-02-04 09:30:27
"u6 nach alt-mariendorf, steigen gleich ein bei stadtmitte",2024-02-04 09:25:55
"u2 nach pankow, jetzt am gleisdreieck",2024-02-04 08:36:04
Kontrolle Ringbahn grad  Neuk√∂lln ausgestiegen Mann mit Adidas Jacke schwarz hinten drei streifen in Schulterblatt H√∂he,2024-02-04 07:58:21
Hackescher eine Person. Nimmt denke ich die S5 nach Westkreuz,2024-02-04 07:57:03
S9 zoo,2024-02-04 07:54:20
Two male/ one female appearing,2024-02-04 07:40:06
Three kontrollerst at Landsberger Allee,2024-02-04 07:39:52
"Au√üerdem wurde nur die Linie genannt, aber kein Ort",2024-02-04 06:22:10
"[Nachricht gel√∂scht]
Danke f√ºr die Meldung, aber bitte keine Hautfarbe oder Herkunft vermuten, vor allem wenn das immer nur bei bestimmten Minderheiten passiert, bei anderen Leuten nicht.
Au√üerdem bitte kein Bodyshaming.
Gerne Kleidung, Gr√∂√üe, Haarfarbe und viele andere Merkmale beschreiben.
F√ºr Fragen bitte zur @Diskussionsgruppe",2024-02-04 06:21:50
Im schwarz verkleidet,2024-02-04 05:53:55
Frau mit capi und Brille,2024-02-04 05:53:03
Grau und schwarze Jacke,2024-02-04 05:52:57
2 dicke m√§nner,2024-02-04 05:52:35
Oranienburg,2024-02-04 05:52:21
Richtung,2024-02-04 05:52:15
S1,2024-02-04 05:52:09
Waren zu zweit. Hat jemand ne Karte f√ºr die Zeit zuf√§llig?,2024-02-04 04:34:40
Alex ein typ blaumann,2024-02-04 04:32:36
"copy and paste:
K√∂nnt ihr zum Quatschen bitte in die @Diskussionsgruppe gehen?",2024-02-04 02:03:16
zu zweit d√ºrfen die laufen aber nicht zu f√ºnft auch sinnloser kommentar,2024-02-04 01:58:02
Hermastra√üe 4x sivil mit 2 in gelben Westen. Sind von der S42 ausgestiegen.,2024-02-04 01:48:27
Gelbe Westen Security Kotti u1 Richtung Warschauer,2024-02-04 00:36:56
"U8 kotti
Richtung Warschauer",2024-02-04 00:34:10
Richtung Hermanstrasse / Sud,2024-02-03 22:01:36
Das war Neuk√∂lln,2024-02-03 22:01:12
Wo*,2024-02-03 22:01:02
Wow hast sie gesehen?,2024-02-03 21:59:35
Richtung neukolln?,2024-02-03 21:59:22
s46 neuk√∂lln - hermannstra√üe steigen jetzt hermann aus,2024-02-03 21:57:35
S41 Richtung,2024-02-03 21:53:20
"Berlin Neuk√∂lln S 

2 mit Gr√ºne veste, 1 tup ohne (schwarze Jacke)",2024-02-03 21:53:01
Bodinstrasse u8 wittenau,2024-02-03 21:45:54
Yes. Welcome to berlin,2024-02-03 21:30:26
Oh my god. They are still on duty after 10 pm?,2024-02-03 21:25:59
s41 Triptower Park,2024-02-03 21:25:03
Ein Kontrolleur mit weste bei U2 Olympiastadion,2024-02-03 21:24:41
Polizei in der U8 nach Hermannstra√üe,2024-02-03 20:30:16
Richtung..?,2024-02-03 20:01:00
S5 from warschauer to Olympicstadion 2 west with ticket check,2024-02-03 19:59:04
3 x yellow vests on hermanplatz u8 platform,2024-02-03 19:54:22
Die d√ºrfen gar nicht alleine laufen. Sinnloser Kommentarü•≥ü§∑‚Äç‚ôÇ,2024-02-03 19:47:22
"Diese Sicherheitsleute von der BVG, die direkt angestellt sind, sind die gr√∂√üten Angsthasen die laufen immer f√ºnft oder zu sechst rum die trauen sich nicht zu zweit oder alleine. Die haben letztens grundlos Hausverbot gegeben. Diese neuen Sicherheitsleute von B.O.S. die sind richtig korrekt die haben mir sogar geholfen, wo wir bel√§stigt worden sind",2024-02-03 19:41:49
Wittenau u8,2024-02-03 18:37:06
S5 haubtbahnof,2024-02-03 18:28:52
gelbe westen 2 blaue,2024-02-03 17:03:38
leute,2024-02-03 17:03:06
4,2024-02-03 17:03:04
"Zoo, zwei m√§nnlich gelesen stehen bei u2",2024-02-03 16:54:56
Kurf√ºrsterstrasse u6,2024-02-03 16:31:12
"S√ºdkreuz, einige Bullen mit Hunden warten am ICE Gleis 7",2024-02-03 15:49:16
"4 stk mit Blaue veste am Hallesches Tor u1, fahren Richtung Warschauer gleiche",2024-02-03 15:46:11
Be careful,2024-02-03 15:29:42
Group of drunk  racist idiot males in the M1 towards Sch√∂nhauser Allee,2024-02-03 15:29:09
alexanderplatz u5 h√∂now,2024-02-03 15:18:05
"S9 Richtung Spandau, gleich Bellevue, mind 1 in Zivil w gelesen mit schwarzer Weste, hellgelbem Pulli und wei√üer Hose",2024-02-03 15:01:52
"U Eberswalder Str., falls das jemandem hilft.",2024-02-03 14:38:39
"Leider ist beim L√∂schen des Bildes der Text mitgel√∂scht worden:

Hermanplatz u8",2024-02-03 14:14:24
"Bitte Gesichter unkenntlich machen. Zweites Bild zu dieser Meldung gel√∂scht, hier nochmal in √ºberarbeiteter Version.",2024-02-03 14:12:13
They're going to u2,2024-02-03 14:04:44
Nollendorfplatz jetz blue vest,2024-02-03 14:03:33
,2024-02-03 13:59:41
"‚Ä¶Black hair, and it was a man",2024-02-03 12:56:17
"Black jacked with white print, Blue jeans and white sneaker",2024-02-03 12:50:39
S41 Prenzlauer Allee,2024-02-03 12:49:25
Bus,2024-02-03 12:41:23
Ostkeuz bis 194 ganz viele an der haltestelle,2024-02-03 12:41:12
Bleiben in der Bahn Richtung Westend. Relativ weit vorne im Zug,2024-02-03 11:53:46
S46 Hohenzollerndamm zwei kontrolletis in schwarzen jacken. Eine frau ein mann,2024-02-03 11:52:45
"Wenn man vor alex einsteigt evtl schon. Es ist sehr voll. Und bundestag h√§lt die bahn nicht, musst also davor oder danach aussteigen und dann laufen",2024-02-03 11:51:43
"Huhu, Wei√ü jmd ob man gerade mit der u5 zur Demo kommt ?",2024-02-03 11:49:05
Re 3 Richtung berlin 2 Frauen,2024-02-03 11:16:47
Sind Ostkreuz grade ausgestiegen sind auf dem oberen Bahnsteig,2024-02-03 11:08:05
Einer mit schwarzen cappy,2024-02-03 11:07:17
Bornholmer raus,2024-02-03 11:07:05
Noch in der s1,2024-02-03 11:04:53
Zwei in Schwarzer Jacke,2024-02-03 11:04:00
Nach Frohnau Gesundbrunnen raus,2024-02-03 11:03:42
Zivi s1 Frohnau,2024-02-03 11:02:55
"S5 nach mahlsdorf gr√ºne Westen 1W 1M Warschauer Stra√üe, laufen durch alle Wagons",2024-02-03 11:02:53
Gleisdreieck u1 Richtung Uhland,2024-02-03 10:59:22
,2024-02-03 10:59:01
2 gr√ºne,2024-02-03 10:47:06
ostbahnhof richtung alex,2024-02-03 10:47:01
S7 nach wannsee,2024-02-03 10:46:53
S41 Sonnenallee,2024-02-03 10:46:20
Hinterster Wagon,2024-02-03 10:45:33
"2 blauesten u1 gleich Hallesches Tor, Richtung wasten",2024-02-03 10:45:16
"Ostkreuz 2 schwarze daunenjacke, 3einmal cappy einmal keine haare",2024-02-03 10:39:53
S42 wedding,2024-02-03 10:35:00
"Kotti U3 U1 west direction, x4 guys blue jacket",2024-02-03 10:34:47
s42 arriving to frankfurter allee,2024-02-03 10:10:08
S1 jetzt gleich Gesundbrunnen Richtung fronau,2024-02-03 10:02:54
Wedding sind 2 minimum,2024-02-03 09:55:48
S1 zwei blau gekleidete kontrollierende Personen.,2024-02-03 09:20:25
S8 Blankenburg. Zwei breite Atzen. Einer mit Wu-Tang Sweater.,2024-02-03 09:18:20
U1 to uhlandstrasse,2024-02-03 08:54:05
"S5 nach strausberg nord zwei mit gr√ºnen westen, gleich n√∂ldnerplatz",2024-02-03 07:17:53
"Sind Hermannstra√üe raus, einmal Glatze, Bart, schwarze Jacke, Jeans, schwarze Sneaker, einmal schwarze Jacke, schwarze Basecap",2024-02-03 06:40:34
"Kontrolle Ring S 41, gleich Neuk√∂lln",2024-02-03 06:37:21
In Zivil haben mich in der der S8 bornholmer Stra√üe hops genommen :/,2024-02-03 05:15:39
S8/s42 Sch√∂nhauser alle wei√ü nicht wo sie als N√§chstes einsteigen,2024-02-03 05:14:45
Bundesplatz,2024-02-03 04:37:38
S42 Bundespartei,2024-02-03 04:37:34
They got off at Treptower Park,2024-02-03 03:22:47
"S41, green vests just entered at Ostkreuz",2024-02-03 03:22:01
S42  S Neuk√∂lln,2024-02-03 00:30:34
"Erstmal zo sp√§t, gleich 60 euro los",2024-02-03 00:30:10
Kontrole S41 neukolln aufgestiegen,2024-02-03 00:28:30
freitag abend und samstag machen die auch nachts,2024-02-02 23:51:45
U 1/3 Schlesi . Min 6 Bullen auf'n Bahnsteig ri Warschauer.,2024-02-02 23:29:20
"Habe um die Uhrzeit seit 4 Jahren keine Kontrolle gesehen, heftig.",2024-02-02 22:02:04
Gerade gesichtet zwei blaue westen in der U 8 am Rosi. Eben abgefahren Richtung Hermannplatz,2024-02-02 21:55:08
S41 jetzt Treptower Park Green/yellow vests,2024-02-02 21:34:32
Green bvg controller sban Treptower park,2024-02-02 21:26:51
2 Blue West u8 direction wittenau,2024-02-02 21:22:36
No usually not but ofc no guarantee on that one,2024-02-02 20:59:16
are they checking tickets at night too? like after midnight,2024-02-02 20:52:55
Ostkreuz 2 m√§nnl. Schwarze Jacken,2024-02-02 20:20:06
jetzt raus jannowitz mit 2 opfern üòÖ,2024-02-02 20:11:07
"u8 wittenau, heinrich heine",2024-02-02 20:08:57
jetzt eingestiegen,2024-02-02 20:08:46
Blauwesten stehen am Ausgang der Station Heinrich-Heine-Str.,2024-02-02 19:59:18
Steigen jetzt in U8,2024-02-02 19:43:08
U8 Alex 2x blaue Weste am Gleis Richtung Hermannstr,2024-02-02 19:39:44
"U8 Richtung hermannstr jetzt auf H√∂he hermannplatz
2x m√§nnlich gelesen mit blauen Westen",2024-02-02 18:58:11
,2024-02-02 18:25:07
U1u3 Kottbusser tor to warschauer str big group of green bvg wests,2024-02-02 18:25:00
2 Blue West Rosenthaler Platz direction wittenau,2024-02-02 18:21:10
2 blue West weinmeiste str next u8 to hermannstr,2024-02-02 18:16:12
Four police officers just walked down in u8 Boddinstra√üe,2024-02-02 17:57:40
U8 Jannowitzbrucke richtung wittenau,2024-02-02 17:45:52
U7 mehringdamm steigen gleich Richtung Rathaus Spandau ein,2024-02-02 17:38:15
2 light blue vests at jannowitzbrucke u8,2024-02-02 17:37:17
"2 m√§nnlich, 1 weiblich",2024-02-02 17:19:47
"S7 Richtung Potsdam hbf, vor s babelsberg",2024-02-02 17:19:37
"U8 Heinrich Heine Stra√üe, 2 blaue BOS Jacken auf dem Bahnsteig.",2024-02-02 17:18:48
2 am Wittenbergplatz,2024-02-02 16:57:37
Jetzt Hermannpl. U8,2024-02-02 16:44:18
2,2024-02-02 16:37:47
U8 alex,2024-02-02 16:37:45
Gelb,2024-02-02 16:36:04
4 oder 5,2024-02-02 16:35:45
U7 Neuk√∂lln gerade ganz viele I'm ersten Wagon,2024-02-02 16:35:11
"U7 Jungfernheide, on platform. Zwei Gelb Westen",2024-02-02 16:04:57
2 m√§nlich gelesen 1x graue jacke u. Brille 1x schw kapuzenjacke,2024-02-02 15:41:58
S2 richtung bernau jetzt buch,2024-02-02 15:41:05
"+
Theres always green wests and cops on the street close to the ubahn, but usually they don‚Äôt care about tickets",2024-02-02 14:59:22
"Are they controlling tickets? 
I think they are there because Kotti is Kotti üòÅ",2024-02-02 14:49:32
"BOS ubhf rehberge am gleis, steigen wohl in die u6 richtung kutschi",2024-02-02 13:28:49
5 bvg sicherheitspersonal u boddinstrasse jetzt eingestiegen Richtung Wittenau,2024-02-02 13:05:41
huuuuuge group of cops in kotti u8,2024-02-02 12:32:24
"Kontrolleten in der S47 nach Frohnau, sind jetzt beim Baumschulenweg. Schwarz gekleidet, beide mit AirMax",2024-02-02 12:18:03
Huge crowd of ordnungsamt people at U7 Rathaus Neukolln. No idea if they‚Äôre controlling,2024-02-02 12:07:41
Ganzer Haufen Kontrollettis Rathaus Neuk√∂lln,2024-02-02 12:07:34
Sind Babelsberg raus,2024-02-02 11:43:11
"Die w gelesen hat glatten lange blonde Haare, Brille, eine Weste und einen schwarzen Pulli, der √ºberall wei√üe Schrift drauf hat",2024-02-02 11:42:44
"2m und 1w gelesen, der eine hat eine M√ºtze mit hinten Totenkopf drauf und r√§tlichen Vollbart, brauner Fellkragen an der Kapuze der schwarzen Jacke",2024-02-02 11:41:50
Schauen nicht so genau,2024-02-02 11:40:10
Kontrolle S7 nach Potsdam kurz nach Griebnitzsee,2024-02-02 11:39:59
2 m√§nnlich gelesene in Zivil stehen S Buch und steigen gleich in die S 2 nach Gr√ºnau.,2024-02-02 11:39:33
"2 kontrollettis betriebsbhf rummelsburg, jungscher Typ mit schwarzer Jacke und auff√§lligen roten klippern auf der Brust",2024-02-02 11:37:31
U9 oder U6  bin mir nicht sicher,2024-02-02 11:33:07
2 kontrolle leopoldplatz,2024-02-02 11:32:28
